feature,importance
Total_Input,0.3182879405743375
Mouse_Rate,0.2819232816565821
Key_Mouse_Ratio,0.1773827263035648
Key_Rate,0.17104492123728995
Is_ActiveMouse,0.02788430492747446
Is_ActiveKeys,0.023476825300751215
Active_App_Encoded,0.0
App_Group_Enc,0.0
